# time,x(N),y(E),z(D),psi
0.000000000000000000e+00,3.729927721754850328e-18,-3.073758533557869740e-17,-2.000000000000000000e+00,-3.445728696090449822e-17
5.576180212433910072e-02,1.196913167021860014e-17,-7.096909528600869513e-17,-2.000000000000000000e+00,-6.901954696035940235e-17
1.115236042486779933e-01,-6.357011150063739352e-05,-4.244204886561830280e-05,-2.000037256825930143e+00,-7.567063962252769827e-04
1.672854063730170038e-01,-6.874647747334380367e-04,-4.552123371849890006e-04,-2.000166293701040043e+00,-5.353105747683569934e-03
2.230472084973559865e-01,-2.581073125663360061e-03,-1.703167353172939900e-03,-2.000389664431049930e+00,-1.288011565414449999e-02
2.788090106216959962e-01,-6.253616669062380187e-03,-4.110174166417700226e-03,-2.000676728783080005e+00,-2.166108852877760005e-02
3.345708127460350068e-01,-1.221402600924110030e-02,-7.987692957510899791e-03,-2.000971314299090142e+00,-3.133975321713339951e-02
3.903326148703740173e-01,-2.090050645881059987e-02,-1.359069333376270068e-02,-2.001209335251919796e+00,-4.155660210729780063e-02
4.460944169947129723e-01,-3.270515734068259878e-02,-2.113525854952470057e-02,-2.001325793072750159e+00,-5.216233865462650138e-02
5.018562191190519828e-01,-4.796885435230879846e-02,-3.079654783811080002e-02,-2.001264964526340062e+00,-6.305652476196180189e-02
5.576180212433909933e-01,-6.698525315967060467e-02,-4.271288296167830012e-02,-2.000986025831100079e+00,-7.418415375522680044e-02
6.133798233677300038e-01,-9.000247060684450628e-02,-5.698793792960819837e-02,-2.000468695632879879e+00,-8.551311701702940526e-02
6.691416254920690143e-01,-1.172246306843609948e-01,-7.369323515270219394e-02,-1.999714984482660052e+00,-9.702308336314749426e-02
7.249034276164080248e-01,-1.488155445981390046e-01,-9.287099947665120037e-02,-1.998755602623299987e+00,-1.087216841749770041e-01
7.806652297407480345e-01,-1.848960115914130009e-01,-1.145341148806729992e-01,-1.997647825048799897e+00,-1.205777599591359994e-01
8.364270318650870450e-01,-2.255440268492560074e-01,-1.386759236157749930e-01,-1.996462528674620041e+00,-1.324367715996639938e-01
8.921888339894259445e-01,-2.708028952114719945e-01,-1.652820185600319958e-01,-1.995294094867869905e+00,-1.441615976835579904e-01
9.479506361137649550e-01,-3.206776819960919789e-01,-1.943256281274559905e-01,-1.994266611521430033e+00,-1.557285330793339861e-01
1.003712438238099969e+00,-3.751349970284019730e-01,-2.257658818210599994e-01,-1.993525204978279897e+00,-1.671540441523599874e-01
1.059474240362439978e+00,-4.341051779519560228e-01,-2.595496095790300051e-01,-1.993232340424170079e+00,-1.784623436274669905e-01
1.115236042486779988e+00,-4.974835488213329993e-01,-2.956125615657860251e-01,-1.993565075344549964e+00,-1.896856755295870112e-01
1.170997844611119998e+00,-5.651319266869400115e-01,-3.338808380806850273e-01,-1.994711311054299996e+00,-2.008572023239159898e-01
1.226759646735460008e+00,-6.368800578099700349e-01,-3.742724374889430106e-01,-1.996866164743470007e+00,-2.120096634469250119e-01
1.282521448859800017e+00,-7.125271797691079545e-01,-4.166988948246450053e-01,-2.000228215380530195e+00,-2.231735369410549896e-01
1.338283250984140027e+00,-7.918436387164770052e-01,-4.610671140061409767e-01,-2.004995807931199803e+00,-2.343757598493770022e-01
1.394045053108480037e+00,-8.745723073051649976e-01,-5.072819561372700070e-01,-2.011363586745300136e+00,-2.456344433406280059e-01
1.449806855232820046e+00,-9.604279892043929845e-01,-5.552527258124669851e-01,-2.019519583245299899e+00,-2.569375106730760194e-01
1.505568657357160056e+00,-1.049086393259079930e+00,-6.049183538886130362e-01,-2.029644839526580036e+00,-2.681457728891150083e-01
1.561330459481500066e+00,-1.140127241923190038e+00,-6.563515275347719946e-01,-2.041918821510809945e+00,-2.785485805646980007e-01
1.617092261605830084e+00,-1.232886651017750079e+00,-7.100089263822290109e-01,-2.056511825503740010e+00,-2.824400740036990265e-01
1.672854063730170093e+00,-1.326499195170200096e+00,-7.666266751348900232e-01,-2.073562113804659823e+00,-2.777354327381780230e-01
1.728615865854510103e+00,-1.420162106574349936e+00,-8.267264747094610344e-01,-2.093177761077320120e+00,-2.679306915588109961e-01
1.784377667978849891e+00,-1.513195173975290020e+00,-8.905318247276560184e-01,-2.115449123129760078e+00,-2.555517308638169949e-01
1.840139470103189900e+00,-1.604974615690019979e+00,-9.581130516726490409e-01,-2.140446246708159972e+00,-2.418272653110860038e-01
1.895901272227529910e+00,-1.694914034504650058e+00,-1.029440808368009996e+00,-2.168218934835679956e+00,-2.273946823264529904e-01
1.951663074351869920e+00,-1.782452618520200094e+00,-1.104421322195290101e+00,-2.198795423036750130e+00,-2.125809636369579980e-01
2.007424876476210152e+00,-1.867052832314620048e+00,-1.182912465281729997e+00,-2.232182478876949983e+00,-1.975588098902079925e-01
2.063186678600549939e+00,-1.948201559398649918e+00,-1.264733114594100094e+00,-2.268365754108959909e+00,-1.824204359141350096e-01
2.118948480724890171e+00,-2.025414055374879840e+00,-1.349668003079790068e+00,-2.307311460947900184e+00,-1.672037223647240001e-01
2.174710282849229959e+00,-2.098240750651509945e+00,-1.437469213033429893e+00,-2.348968894261540097e+00,-1.519839385122880027e-01
2.230472084973559976e+00,-2.166268874551950052e+00,-1.527862267154620035e+00,-2.393277068984740019e+00,-1.368715498913969930e-01
2.286233887097900208e+00,-2.229118063372879988e+00,-1.620553343030999960e+00,-2.440173310586189803e+00,-1.219146781907810007e-01
2.341995689222239996e+00,-2.286436100312089881e+00,-1.715231024725480058e+00,-2.489603559776159880e+00,-1.071194460065640064e-01
2.397757491346579783e+00,-2.337890544469969800e+00,-1.811565659605649969e+00,-2.541533626713429861e+00,-9.246523228490770296e-02
2.453519293470920015e+00,-2.383153675833320051e+00,-1.909204136144899921e+00,-2.595971655362319996e+00,-7.791572223576780087e-02
2.509281095595259803e+00,-2.421878777639869806e+00,-2.007755798833569916e+00,-2.652986887896379820e+00,-6.341360417975680508e-02
2.565042897719600035e+00,-2.453660009292720101e+00,-2.106768274910630012e+00,-2.712750033155680196e+00,-4.892347538841960303e-02
2.620804699843939822e+00,-2.477975611720089955e+00,-2.205679652091919962e+00,-2.775548790314799952e+00,-3.443259935567589969e-02
2.676566501968280054e+00,-2.494093540853730140e+00,-2.303745846462370128e+00,-2.841840392257279913e+00,-2.016743648588580073e-02
2.732328304092619842e+00,-2.500950830096880129e+00,-2.399912142026780160e+00,-2.912193175424520053e+00,-6.735273896945030356e-03
2.788090106216960073e+00,-2.489999975110639863e+00,-2.489999975130610110e+00,-3.010000029130300181e+00,1.915135374211579880e-02
2.845106340733480010e+00,-2.462267732348419891e+00,-2.574823606062130121e+00,-3.132872069136880100e+00,4.272697169804629685e-02
2.902122575249999947e+00,-2.427460245579459830e+00,-2.655886239920429936e+00,-3.249551595337619947e+00,5.339063155465759852e-02
2.959138809766530098e+00,-2.385770026778580188e+00,-2.733227954911300106e+00,-3.360155380823150129e+00,6.039005153451069974e-02
3.016155044283050035e+00,-2.337449383427829819e+00,-2.806673801890399833e+00,-3.464849776116650126e+00,6.637358774617460599e-02
3.073171278799580186e+00,-2.282687876586200204e+00,-2.876197605648119993e+00,-3.563765176198709916e+00,7.304464499231959340e-02
3.130187513316100123e+00,-2.221745155188100007e+00,-2.941692953903880081e+00,-3.657067755990670133e+00,8.023053314039120532e-02
3.187203747832620060e+00,-2.154884899067489812e+00,-3.003124140265129860e+00,-3.744919370769709932e+00,8.768724984295199476e-02
3.244219982349150211e+00,-2.082411841913290207e+00,-3.060435452407169965e+00,-3.827497419028830006e+00,9.540125810825360320e-02
3.301236216865670148e+00,-2.004643135803040099e+00,-3.113611893207409942e+00,-3.904974683745229935e+00,1.033078645840529997e-01
3.358252451382199855e+00,-1.921924871148799951e+00,-3.162649036529269875e+00,-3.977525202649100144e+00,1.114230702294940062e-01
3.415268685898719792e+00,-1.834620310895290096e+00,-3.207583043407660206e+00,-4.045314048076409819e+00,1.197521486179709965e-01
3.472284920415240173e+00,-1.743118639331119990e+00,-3.248493131153439961e+00,-4.108499645701799707e+00,1.283563349918580010e-01
3.529301154931769879e+00,-1.647834562858230045e+00,-3.285538313403530086e+00,-4.167233159569009970e+00,1.373507861193750124e-01
3.586317389448289816e+00,-1.549212897245829890e+00,-3.318984078417670069e+00,-4.221668603195790404e+00,1.424353731057219907e-01
3.643333623964819967e+00,-1.447681292862059932e+00,-3.349137125440610152e+00,-4.271940391473139975e+00,1.421791822162060126e-01
3.700349858481339904e+00,-1.343609126056110048e+00,-3.376218527612440123e+00,-4.318146915855550105e+00,1.392019776385869934e-01
3.757366092997870055e+00,-1.237330354910670005e+00,-3.400382198979429837e+00,-4.360354867767889608e+00,1.348372773157159865e-01
3.814382327514389992e+00,-1.129161093480089972e+00,-3.421750746186599912e+00,-4.398600300913259709e+00,1.296973015002030050e-01
3.871398562030909929e+00,-1.019401051133639990e+00,-3.440419598122590017e+00,-4.432889773578160053e+00,1.241034132040240018e-01
3.928414796547440080e+00,-9.083347497380600544e-01,-3.456466379623599927e+00,-4.463200944140719884e+00,1.182034982468490036e-01
3.985431031063960017e+00,-7.962287943661500167e-01,-3.469951569689619930e+00,-4.489483147426719611e+00,1.120778295186790063e-01
4.042447265580490168e+00,-6.833293912982849605e-01,-3.480920360628790178e+00,-4.511658458772700442e+00,1.057649003623870043e-01
4.099463500097010105e+00,-5.698589760960880435e-01,-3.489402472953759826e+00,-4.529622667211979703e+00,9.927951940592559532e-02
4.156479734613530042e+00,-4.560130387521240114e-01,-3.495411946884189991e+00,-4.543248115664519915e+00,9.265560832203749431e-02
4.213495969130059748e+00,-3.419567124742020070e-01,-3.498949842352370165e+00,-4.552373537141019888e+00,8.582022604881199557e-02
4.270512203646579685e+00,-2.278174628553429892e-01,-3.500000034976630037e+00,-4.556802012525300150e+00,7.881429221364960602e-02
4.327528438163110280e+00,-1.136856962140019994e-01,-3.498519976565650058e+00,-4.556404622232589574e+00,7.188131907478920168e-02
4.384544672679630217e+00,3.666771351588379922e-04,-3.494455251445049981e+00,-4.550986964033460147e+00,6.494768078383070242e-02
4.441560907196150154e+00,1.143092515192670050e-01,-3.487741177186920005e+00,-4.540374153283780245e+00,5.841789164100130022e-02
4.498577141712679861e+00,2.281414984709410065e-01,-3.478287326969359938e+00,-4.524348780502170264e+00,5.174314988051560010e-02
4.555593376229199798e+00,3.418930797121499943e-01,-3.465997648103749995e+00,-4.502811763808820089e+00,4.552737475077110046e-02
4.612609610745730393e+00,4.555991766612220162e-01,-3.450777092476140062e+00,-4.475716830582659789e+00,3.904941424306820202e-02
4.669625845262250330e+00,5.692796182154450380e-01,-3.432508535558369989e+00,-4.442994508404249920e+00,3.294366609669339974e-02
4.726642079778770267e+00,6.829811719925620306e-01,-3.411105778620779905e+00,-4.404602064361590408e+00,2.661422350977990167e-02
4.783658314295299974e+00,7.967197283760090176e-01,-3.386434832185039934e+00,-4.360470313476949578e+00,2.055262325925810013e-02
4.840674548811819911e+00,9.105474869587869557e-01,-3.358410867653209841e+00,-4.310552860434220257e+00,1.433923291575000050e-02
4.897690783328349617e+00,1.024478681512370093e+00,-3.326882147628619890e+00,-4.254786409134189817e+00,1.082047468171100021e-02
4.954707017844870443e+00,1.138527418190290019e+00,-3.291658870819770044e+00,-4.193113325898090160e+00,1.177377359710539938e-02
5.011723252361400149e+00,1.252622511518810100e+00,-3.252390554373730147e+00,-4.125463632811020354e+00,1.512422510804829930e-02
5.068739486877920086e+00,1.366702882909540007e+00,-3.208780783490079891e+00,-4.051784357825369831e+00,1.969737165657119843e-02
5.125755721394440023e+00,1.480682898013879978e+00,-3.160551730203580156e+00,-3.972030655800109944e+00,2.499961792172740102e-02
5.182771955910969730e+00,1.594497345733020044e+00,-3.107494817025350020e+00,-3.886172686960430056e+00,3.068638896906209987e-02
5.239788190427489667e+00,1.708067909464719980e+00,-3.049420586925740029e+00,-3.794187811750319828e+00,3.665307991587159892e-02
5.296804424944020262e+00,1.821330707193580034e+00,-2.986184052736930106e+00,-3.696063189237260183e+00,4.278516339566169890e-02
5.353820659460540199e+00,1.934212716774629914e+00,-2.917651991071819939e+00,-3.591792297219489782e+00,4.906855652286439690e-02
5.410836893977060136e+00,2.046649531091659924e+00,-2.843719478005310108e+00,-3.481376116923189823e+00,5.546066947615720111e-02
5.467853128493589843e+00,2.158570123151720033e+00,-2.764290594004129797e+00,-3.364820943604540204e+00,6.196361798760510048e-02
5.524869363010109780e+00,2.269908204422430131e+00,-2.679289023735389907e+00,-3.242139473586890031e+00,6.856298403997160285e-02
5.581885597526640375e+00,2.380592759119469992e+00,-2.588647175060029948e+00,-3.113347250228160057e+00,7.525514670760000135e-02
5.638901832043160312e+00,2.489999975116860220e+00,-2.489999975113819985e+00,-2.989999970509059857e+00,9.338882614136340132e-02
5.683581273338029760e+00,2.573922768552720175e+00,-2.406359893550159779e+00,-2.903493020826779958e+00,1.143915414488920063e-01
5.728260714632909867e+00,2.655490865037779979e+00,-2.318533916836929887e+00,-2.823403831101090056e+00,1.347551718295630085e-01
5.772940155927780204e+00,2.734099771812910085e+00,-2.227337313517019801e+00,-2.748833938433190127e+00,1.541870051826789989e-01
5.817619597222649652e+00,2.809303824108519976e+00,-2.133400501000060068e+00,-2.679029009763489899e+00,1.725228302355620025e-01
5.862299038517529759e+00,2.880777974636679950e+00,-2.037251932934129872e+00,-2.613361793324600058e+00,1.896921694901100020e-01
5.906978479812400096e+00,2.948298772051960004e+00,-1.939322520392100069e+00,-2.551329433685340042e+00,2.058371467434620128e-01
5.951657921107270433e+00,3.011714345480509980e+00,-1.839987346489009967e+00,-2.492526411026629862e+00,2.210820028934039894e-01
5.996337362402149651e+00,3.070929222339009890e+00,-1.739561137369050048e+00,-2.436635781705209780e+00,2.355575149634369925e-01
6.041016803697019988e+00,3.125885822763160071e+00,-1.638323415409350003e+00,-2.383408341385920171e+00,2.494413172144850088e-01
6.085696244991890325e+00,3.176553532891989828e+00,-1.536513349133620032e+00,-2.332654840226939807e+00,2.628702801399990241e-01
6.130375686286759773e+00,3.222917347278269951e+00,-1.434346446083450077e+00,-2.284229268619129893e+00,2.759739976373890014e-01
6.175055127581639880e+00,3.264971921421259804e+00,-1.332010848806020054e+00,-2.238023165675949944e+00,2.888438069170680134e-01
6.219734568876510217e+00,3.302715596511720086e+00,-1.229679350507949964e+00,-2.193954145671940026e+00,3.015556778253190018e-01
6.264414010171379665e+00,3.336156382472839965e+00,-1.127508993749859911e+00,-2.151963947166259938e+00,3.118608056110599991e-01
6.309093451466259772e+00,3.365387738991779898e+00,-1.025666011363359997e+00,-2.112022788384269933e+00,3.150414513201160172e-01
6.353772892761130109e+00,3.390712468859269801e+00,-9.243383540608419713e-01,-2.074140084456229882e+00,3.114918055900149918e-01
6.398452334055999557e+00,3.412583763089279909e+00,-8.237120445484820142e-01,-2.038333484992029820e+00,3.044157119866029992e-01
6.443131775350879664e+00,3.431446011018339792e+00,-7.239310812202439660e-01,-2.004603854448039790e+00,2.954296129506799873e-01
6.487811216645750001e+00,3.447663841812610208e+00,-6.250934521270470334e-01,-1.972932984344089924e+00,2.853142831615569919e-01
6.532490657940620338e+00,3.461503249445040176e+00,-5.272526100641009572e-01,-1.943294329429710032e+00,2.745117298563760078e-01
6.577170099235499556e+00,3.473138269338800210e+00,-4.304287363461539728e-01,-1.915658644905060104e+00,2.632667766626969885e-01
6.621849540530369893e+00,3.482667282098870221e+00,-3.346146698878200154e-01,-1.890000463320639978e+00,2.517450318735710013e-01
6.666528981825240230e+00,3.490131124608680135e+00,-2.397853061916800088e-01,-1.866298036408160055e+00,2.400518632672410113e-01
6.711208423120120337e+00,3.495529588588699887e+00,-1.459010126470690061e-01,-1.844535533543010031e+00,2.282556822919259987e-01
6.755887864414989785e+00,3.498834483189329880e+00,-5.291352164456829960e-02,-1.824700591664250027e+00,2.164090467903740100e-01
6.800567305709860122e+00,3.500000034885319966e+00,3.923311503618959889e-02,-1.806785495900040006e+00,2.045322062922519946e-01
6.845246747004729571e+00,3.498969703745200110e+00,1.305990172315669995e-01,-1.790784333728290045e+00,1.926581487523620073e-01
6.889926188299609677e+00,3.495681853181909826e+00,2.212489939151419949e-01,-1.776694288492330021e+00,1.807795009148019938e-01
6.934605629594480014e+00,3.490072237999669813e+00,3.112502623618830233e-01,-1.764513348288309968e+00,1.689284629667910098e-01
6.979285070889350351e+00,3.482077610159150183e+00,4.006736277226030096e-01,-1.754241227823170046e+00,1.570765333531130015e-01
7.023964512184229569e+00,3.471635086890179966e+00,4.895917671705879992e-01,-1.745879178441670065e+00,1.452691238014260089e-01
7.068643953479099906e+00,3.458686633805879929e+00,5.780805092579720528e-01,-1.739426970205599998e+00,1.334497725083710062e-01
7.113323394773970243e+00,3.443133862915369825e+00,6.662101365294820221e-01,-1.734891081040919936e+00,1.238326128714209995e-01
7.158002836068850350e+00,3.424555728592929782e+00,7.539789594721789667e-01,-1.732281834826880029e+00,1.200499917633939956e-01
7.202682277363719798e+00,3.402232235786339931e+00,8.412720245250659978e-01,-1.731619484636260031e+00,1.221301004782889971e-01
7.247361718658590135e+00,3.375558434704470034e+00,9.279193961574310201e-01,-1.732941001257940039e+00,1.283106369349329978e-01
7.292041159953459584e+00,3.344165225157420096e+00,1.013743637521099972e+00,-1.736277521654199907e+00,1.371551460910090114e-01
7.336720601248339690e+00,3.307851905375959856e+00,1.098575966095439949e+00,-1.741649221488049903e+00,1.475029353046549974e-01
7.381400042543210027e+00,3.266520961030160208e+00,1.182259519693130034e+00,-1.749073764192079938e+00,1.587186444839560062e-01
7.426079483838080364e+00,3.220129135110330054e+00,1.264645750289580040e+00,-1.758569630887959923e+00,1.704214159306829957e-01
7.470758925132959583e+00,3.168668873521490070e+00,1.345594135487409915e+00,-1.770159518407590005e+00,1.824019610995009921e-01
7.515438366427829919e+00,3.112157362859320209e+00,1.424971766853269983e+00,-1.783874687556920025e+00,1.945345517635179988e-01
7.560117807722700256e+00,3.050635397146820083e+00,1.502654955008309923e+00,-1.799762440658180029e+00,2.067523556909360016e-01
7.604797249017580363e+00,2.984168816115190026e+00,1.578531201378599924e+00,-1.817901403610499900e+00,2.190101530929189910e-01
7.649476690312449811e+00,2.912857044446309995e+00,1.652502371215049948e+00,-1.838423250054290081e+00,2.312898278434510069e-01
7.694156131607320148e+00,2.836844658853669987e+00,1.724487617821079954e+00,-1.861550408570739945e+00,2.435740549127869969e-01
7.738835572902200255e+00,2.756345894848939881e+00,1.794427676613080003e+00,-1.887644385074110032e+00,2.558735110791999778e-01
7.783515014197069704e+00,2.671679832151609979e+00,1.862288830692510055e+00,-1.917281012446290012e+00,2.682033468275439869e-01
7.828194455491940040e+00,2.583332147444629801e+00,1.928061850876860106e+00,-1.951334275301400023e+00,2.788658321896170245e-01
7.872873896786820147e+00,2.489999975125880116e+00,1.989999980119599998e+00,-2.010000019993170017e+00,2.919730205122739730e-01
7.923884615706580092e+00,2.378735578097050052e+00,2.056665314474929840e+00,-2.101021356655059957e+00,3.074741990065840147e-01
7.974895334626349808e+00,2.265357473968330204e+00,2.121576078570070134e+00,-2.189539723173360208e+00,3.189940712031529846e-01
8.025906053546110641e+00,2.150005156717960109e+00,2.184741477627409889e+00,-2.275636634010719916e+00,3.284600007054119808e-01
8.076916772465880356e+00,2.032818110234119846e+00,2.246133132932730092e+00,-2.359385103327130029e+00,3.369106153890860100e-01
8.127927491385639414e+00,1.913925467096859956e+00,2.305701658559009992e+00,-2.440843067814749912e+00,3.448412467770730072e-01
8.178938210305409129e+00,1.793466718130549920e+00,2.363385076187269895e+00,-2.520059531461179780e+00,3.525311333921860024e-01
8.229948929225180621e+00,1.671583764490589985e+00,2.419113704860269998e+00,-2.597070589430559906e+00,3.601050655892770180e-01
8.280959648144939678e+00,1.548428492127019940e+00,2.472813215208609972e+00,-2.671902103868270206e+00,3.676365571686899814e-01
8.331970367064709393e+00,1.424157837408059901e+00,2.524406039175199901e+00,-2.744567486713469950e+00,3.751533026578500185e-01
8.382981085984480885e+00,1.298936230507409917e+00,2.573812703928399781e+00,-2.815068878444749956e+00,3.826713040544790223e-01
8.433991804904239942e+00,1.172932530559980036e+00,2.620952263556319828e+00,-2.883395982923679934e+00,3.901921574195489906e-01
8.485002523824009657e+00,1.046320357388460076e+00,2.665742989227489979e+00,-2.949526628433949860e+00,3.977146985144209834e-01
8.536013242743770491e+00,9.192760083036199958e-01,2.708102532094999848e+00,-3.013426241472029865e+00,4.052327889426999841e-01
8.587023961663540206e+00,7.919779055783989774e-01,2.747948308005040197e+00,-3.075048209784859932e+00,4.127393265375999820e-01
8.638034680583299263e+00,6.646050063674530106e-01,2.785197570012920121e+00,-3.134333778278659999e+00,4.202252174896520254e-01
8.689045399503070755e+00,5.373359006581089892e-01,2.819767611416790221e+00,-3.191212429262169969e+00,4.276807596434120118e-01
8.740056118422840470e+00,4.103474929756020240e-01,2.851575786307170013e+00,-3.245602117976780221e+00,4.350953714278499862e-01
8.791066837342599527e+00,2.838140211534039836e-01,2.880539596183839812e+00,-3.297409850811059862e+00,4.424582131533699725e-01
8.842077556262369242e+00,1.579059794323079968e-01,2.906576680373869959e+00,-3.346532419055229912e+00,4.497585955720900253e-01
8.893088275182140734e+00,3.278934386234869797e-02,2.929604847012389879e+00,-3.392857814548280171e+00,4.569872702420429977e-01
8.944098994101899791e+00,-9.137484481874830200e-02,2.949542044731110035e+00,-3.436268158572739928e+00,4.641395765081299807e-01
8.995109713021669506e+00,-2.144296553257160065e-01,2.966306142917570110e+00,-3.476647479741940217e+00,4.712240315193549911e-01
9.046120431941430340e+00,-3.362175882747179823e-01,2.979813110654020214e+00,-3.513906573448810189e+00,4.782851265661799967e-01
9.097131150861200055e+00,-4.565730021996359800e-01,2.989980326414539924e+00,-3.547979030564150094e+00,4.853446723391470208e-01
9.148141869780959112e+00,-5.753214632026190101e-01,2.996732032706959981e+00,-3.578791541792810005e+00,4.924144522179459971e-01
9.199152588700730604e+00,-6.922829889246190360e-01,3.000000027479240217e+00,-3.606261567136019863e+00,4.994984965245449771e-01
9.250163307620500319e+00,-8.072721151064979894e-01,2.999724263283590098e+00,-3.630299333526609828e+00,5.065989607116200277e-01
9.301174026540259376e+00,-9.200998423400099657e-01,2.995852776738610057e+00,-3.650806852115569878e+00,5.136843272253710513e-01
9.352184745460030868e+00,-1.030573830973460003e+00,2.988340251489800092e+00,-3.667684448991249901e+00,5.208913690440359900e-01
9.403195464379800583e+00,-1.138503202802310099e+00,2.977159355568479882e+00,-3.680803021104249950e+00,5.277579869727050399e-01
9.454206183299559640e+00,-1.243690620841449990e+00,2.962262478685310008e+00,-3.690088324691489952e+00,5.353651909688960098e-01
9.505216902219329356e+00,-1.345948356037560023e+00,2.943663096969340032e+00,-3.695358326000079963e+00,5.417238695293169481e-01
9.556227621139090189e+00,-1.445082896243879977e+00,2.921311816243989945e+00,-3.696549651118819835e+00,5.497868907048619747e-01
9.607238340058859905e+00,-1.540907227535760038e+00,2.895229121084009982e+00,-3.693494832901400127e+00,5.558535065011820375e-01
9.658249058978629620e+00,-1.633238065048540077e+00,2.865413370775559798e+00,-3.686078425256869906e+00,5.639931678983219898e-01
9.709259777898390453e+00,-1.721895454811469994e+00,2.831854475603509780e+00,-3.674180803303479959e+00,5.700867979178060319e-01
9.760270496818160169e+00,-1.806705298705939988e+00,2.794613599549740091e+00,-3.657648468916800066e+00,5.780219474641909994e-01
9.811281215737919226e+00,-1.887503363622750063e+00,2.753661022731510144e+00,-3.636382718121800028e+00,5.842074788867930302e-01
9.862291934657690717e+00,-1.964128657426059910e+00,2.709097300930869867e+00,-3.610220650882709936e+00,5.918079410437520060e-01
9.913302653577460433e+00,-2.036433350974149903e+00,2.660889835885110077e+00,-3.579080475013340035e+00,5.980823018598300234e-01
9.964313372497219490e+00,-2.104271269581710069e+00,2.609155760353170095e+00,-3.542811802363869944e+00,6.053375807248789764e-01
1.001532409141699986e+01,-2.167512026616559950e+00,2.553874526312470028e+00,-3.501343084739589884e+00,6.116526779699480443e-01
1.006633481033679978e+01,-2.226026480239520211e+00,2.495164082663380078e+00,-3.454548946104250007e+00,6.186059314771079620e-01
1.011734552925650021e+01,-2.279701657626130196e+00,2.433022416586470005e+00,-3.402370474607450124e+00,6.249180905097839744e-01
1.016835624817630013e+01,-2.328426777719700080e+00,2.367561176305180037e+00,-3.344712432307700212e+00,6.316247256854720105e-01
1.021936696709610004e+01,-2.372106448756750030e+00,2.298797195772420032e+00,-3.281531685645370011e+00,6.379015847023610242e-01
1.027037768601580048e+01,-2.410649017613649914e+00,2.226833481700190021e+00,-3.212763298615279872e+00,6.444098010519929698e-01
1.032138840493560039e+01,-2.443977197780180077e+00,2.151702273692750023e+00,-3.138380367980210028e+00,6.506248065739620445e-01
1.037239912385530083e+01,-2.472019213234080137e+00,2.073497065867670131e+00,-3.058342948275730055e+00,6.569615494135719880e-01
1.042340984277510074e+01,-2.489999975113709851e+00,1.989999980240160005e+00,-2.989999970220900138e+00,6.796145709501479892e-01
1.047636123744559988e+01,-2.496515543276629945e+00,1.898380547526040019e+00,-2.936227808185909893e+00,7.119985409795810405e-01
1.052931263211610080e+01,-2.494388170921550074e+00,1.805139723868030011e+00,-2.885720329557509789e+00,7.338642485688670059e-01
1.058226402678650047e+01,-2.484127307291160047e+00,1.711549386787899918e+00,-2.837301673034350102e+00,7.508988106927030337e-01
1.063521542145699961e+01,-2.466254518784980032e+00,1.618368354366400030e+00,-2.790320867886160183e+00,7.647032056303370018e-01
1.068816681612750052e+01,-2.441227180754860004e+00,1.526144949991570021e+00,-2.744426818082270181e+00,7.774091943195100551e-01
1.074111821079799967e+01,-2.409459440382919926e+00,1.435246922037640038e+00,-2.699465545432119917e+00,7.890334040614109812e-01
1.079406960546839933e+01,-2.371315419426769822e+00,1.345994755285299993e+00,-2.655392783258830214e+00,8.005145215833610051e-01
1.084702100013890025e+01,-2.327148258084589916e+00,1.258633173877830025e+00,-2.612238577679390161e+00,8.115406556407009919e-01
1.089997239480939939e+01,-2.277295202801969953e+00,1.173405306741100107e+00,-2.570072206093160005e+00,8.226346199295190287e-01
1.095292378947990031e+01,-2.222107084187519899e+00,1.090510215042699960e+00,-2.528988292639339885e+00,8.335109235411289896e-01
1.100587518415029997e+01,-2.161938180325170045e+00,1.010153925256040086e+00,-2.489092017666130197e+00,8.444927794245590258e-01
1.105882657882079911e+01,-2.097165403221230129e+00,9.325068631887090120e-01,-2.450491890040240150e+00,8.553908468352729999e-01
1.111177797349130003e+01,-2.028176076860260135e+00,8.577445234257190521e-01,-2.413293704943419993e+00,8.663941412314689616e-01
1.116472936816179917e+01,-1.955379781903989977e+00,7.860085166117509736e-01,-2.377595633895900118e+00,8.774070836868540502e-01
1.121768076283230009e+01,-1.879197026496989942e+00,7.174414547097820449e-01,-2.343486177830349959e+00,8.885148384275920463e-01
1.127063215750269976e+01,-1.800065696095699996e+00,6.521522521459489630e-01,-2.311040503738690077e+00,8.996998797152969685e-01
1.132358355217320067e+01,-1.718432221867469911e+00,5.902468293920930531e-01,-2.280320187088840100e+00,9.109640296965479944e-01
1.137653494684369981e+01,-1.634753544941929926e+00,5.317977601049439507e-01,-2.251370667461929820e+00,9.223542022101850479e-01
1.142948634151420073e+01,-1.549491513415889976e+00,4.768711555011930225e-01,-2.224221770661579889e+00,9.338014017795009947e-01
1.148243773618460040e+01,-1.463110791153489965e+00,4.255009712041509795e-01,-2.198886280815009808e+00,9.454119914740449770e-01
1.153538913085509954e+01,-1.376076803381740099e+00,3.777116923942659965e-01,-2.175360912769119803e+00,9.570464244068179749e-01
1.158834052552560046e+01,-1.288849837130680021e+00,3.334980981952729850e-01,-2.153625834764360203e+00,9.688810628471109521e-01
1.164129192019609960e+01,-1.201886730667540037e+00,2.928426249055550157e-01,-2.133646176025420171e+00,9.806855933750420196e-01
1.169424331486649926e+01,-1.115631245642199953e+00,2.557021756255100087e-01,-2.115372142263619804e+00,9.927439186785439462e-01
1.174719470953700018e+01,-1.030519820242129958e+00,2.220178811939809982e-01,-2.098741330933699967e+00,1.004678603881419940e+00
1.180014610420749932e+01,-9.469679233696309817e-01,1.917120858658580007e-01,-2.083679049601550037e+00,1.016968459449540063e+00
1.185309749887800024e+01,-8.653806705094500007e-01,1.646858884990209937e-01,-2.070101570034279970e+00,1.028962881054370060e+00
1.190604889354839990e+01,-7.861340405734640324e-01,1.408328947326620006e-01,-2.057916638547550026e+00,1.041524282228329934e+00
1.195900028821890082e+01,-7.095942550580870423e-01,1.200063530672680068e-01,-2.047027333268370164e+00,1.052763195033610044e+00
1.201195168288939996e+01,-6.360998503428280104e-01,1.020269696208370019e-01,-2.037335219121270136e+00,1.064487079520280099e+00
1.206490307755990088e+01,-5.659761928094040329e-01,8.664689949813339509e-02,-2.028739108979240147e+00,1.070593600008749924e+00
1.211785447223030054e+01,-4.995504047153560001e-01,7.339688164530870640e-02,-2.021148518892720070e+00,1.074486161038360033e+00
1.217080586690079969e+01,-4.370681378451289900e-01,6.200470947662720111e-02,-2.014461652020250071e+00,1.076534960203159974e+00
1.222375726157130060e+01,-3.787249501174499988e-01,5.224959140312739753e-02,-2.008590196988730092e+00,1.077375933142630027e+00
1.227670865624179974e+01,-3.246708930504479951e-01,4.398577756260590305e-02,-2.003455483325149888e+00,1.077714667740939936e+00
1.232966005091219941e+01,-2.750251100966980000e-01,3.703024704452039656e-02,-1.998994726884339990e+00,1.073710349230980077e+00
1.238261144558270033e+01,-2.298842167640869905e-01,3.110236789739380045e-02,-1.995161498941280032e+00,1.066120136166669896e+00
1.243556284025319947e+01,-1.892916745246039922e-01,2.602063347115200070e-02,-1.991924755406710101e+00,1.056344149875549920e+00
1.248851423492370039e+01,-1.532422567034079919e-01,2.169354156653829913e-02,-1.989272938399119894e+00,1.045426672194960105e+00
1.254146562959410005e+01,-1.216861526564719936e-01,1.807618528739540070e-02,-1.987215288796970070e+00,1.033917751149979969e+00
1.259441702426459919e+01,-9.453177912342590472e-02,1.514176284996920051e-02,-1.985781949456820072e+00,1.022193274626310044e+00
1.264736841893510011e+01,-7.164535744742570045e-02,1.286156994795449940e-02,-1.985023864238770086e+00,1.010288574039750031e+00
1.270031981360559925e+01,-5.284965596354530143e-02,1.119997164475610048e-02,-1.985011603614210030e+00,9.985347012354189866e-01
1.275327120827610017e+01,-3.792244106820250038e-02,1.009971983393169979e-02,-1.985833449215739899e+00,9.864716189194979723e-01
1.280622260294649983e+01,-2.659181098128040113e-02,9.519394087435939164e-03,-1.987593401598569898e+00,9.805909746594699827e-01
1.285917399761700075e+01,-1.854009991336959956e-02,9.394091594447179228e-03,-1.990402850440579963e+00,9.782588221261160344e-01
1.291212539228749989e+01,-1.339450184547410008e-02,9.566842388341909725e-03,-1.994384515725619922e+00,9.787811793271939953e-01
1.296507678695800081e+01,-1.074743109153710081e-02,9.849229374602289436e-03,-1.999650423944610012e+00,9.837393746534319749e-01
1.301802818162840047e+01,-9.999594471726250614e-03,9.998823556447579419e-03,-2.006303550999600116e+00,9.873317800988009596e-01
1.307097957629889962e+01,-1.000000997399570074e-02,1.000000978448349967e-02,-2.010000019475949973e+00,9.884600514900550028e-01
